DepartmentCode,DepartmentName
REITZ,APTEEK
DEPT,CODE
ALLOC,TAX ID
MARKUP,MAX-DISC
000100,PHARMACY
000101,SCRIPTS
000103,SCRIPT COPY FEE
000109,MISSING STOCK CODE
000111,OPEN CODE
SIONAL,SERVICES
SCRIPT,RX
SIONAL,FEE STOCK CODE
OPEN,CODE
BAAA,ANTI AGEING
BAAA00,ANTI AGEING
BAAA01,CLEANSER/TONER (AA)
BAAA02,DAY (AA)
BAAA03,NIGHT (AA)
BAAA04,EYE (AA)
BAAA05,SPECIALITY & TREATME
BAAA06,SERUM (AA)
BAAA07,MASKS (AA)
BAAA08,SUPPLEMENTS (AA)
BAAA10,VALUE PACKS
BAAB,PIGMENTATION
BAAB00,PIGMENTATION
BAAB01,CLEANSER/TONER (PM)
BAAB02,DAY (PM)
BAAB03,NIGHT (PM)
BAAB04,EYE (PM)
BAAB05,SPECIALITY & TREATME
BAAB06,SERUM (PM)
BAAB07,MASKS (PM)
BAAB10,VALUE PACKS
BAAC,ACNE
BAAC00,ACNE
BAAC01,CLEANSER/TONER (AC)
BAAC02,DAY (AC)
BAAC03,NIGHT (AC)
BAAC04,EYE (AC)
BAAC05,SPECIALITY & TREATME
BAAC06,SERUM (AC)
BAAC07,MASKS (AC)
BAAC08,SUPPLEMENTS (AC)
BAAC10,VALUE PACKS
BAAD,GENERAL
BAAD00,GENERAL
BAAD01,CLEANSER/TONER
BAAD02,DAY
BAAD03,NIGHT
BAAD04,EYE
BAAD05,SPECIALITY & TREATME
BAAD06,SERUM
BAAD07,MASKS
BAAD08,MAKEUP REMOVER WIPES
BAAD09,SUN
BAAD10,VALUE PACKS
BAAD11,GONE FOREVER
BAAE,SKINCARE GIFT OFFER
BAAE00,SKINCARE GIFT OFFER
BAAE01,SKINCARE GIFT OFFER
BAAF,MEN
BAAF00,MEN
BAAF01,MENS MOISTURISERS
BAAF02,MENS CLEANSERS
BAAF03,MENS SCRUBS
BAAF04,MENS EYE CREAMS
BAAF05,MENS SHAVING
BBBO,OLD DELETE
BBBO00,OLD DELETE
BBBO01,DISCONTINUED BEAUTY
BBBO02,BEAUTY DISCOUNT
BBGA,ACCESSORIES
BBGA00,ACCESSORIES
BBGA01,BEAUTY MIRROR
BBGA02,BEAUTY BODY OIL/LOTION
BBGE01,FALSE LASHES
BBGE02,EYE DYES
BBGE03,EYE IMPLEMENTS
BBGF,JEWELLERY
BBGF00,JEWELLERY
BBGF01,BODY JEWELLERY
BBGF02,JEWELLERY
BBGF03,CHARMS
BBGF04,KIDS JEWELLERY
BBGF05,WATCHES
BBGG,GROOMING GIFT & VALUE OFFER
BBGG00,GROOMING GIFT & VALUE OFFER
BBGG01,GROOMING GIFT OFFER
BBGG02,GROOMING VALUE OFFER
BBGN,NAIL GROOMING
BBGN00,NAIL GROOMING
BBGN01,NAIL IMPLEMENTS
BBGN02,NAIL TREATMENTS
BBGN03,NAIL POLISH REMOVER
BBGN04,MANICURE SETS
BBGN05,NAIL GLUE
BBGN06,FALSE NAILS
BBGS,SUNDRIES GROOMING
BBGS00,SUNDRIES GROOMING
BBGS01,SPONGES & WEDGES
BBGS02,COSMETIC BRUSHES
BBGS03,APPLICATORS
BBGS04,SUNDRY IMPLEMENTS
BBGS05,BAGS
BBGS06,COTTON PRODUCTS
BBGS07,BEAUTY APPLIANCES
BBSM00,MENS SKINCARE
BBSN,BODY CARE
BBSN00,BODY CARE
BBSN01,SKINCARE NUTRITION
BBSN02,ANTI-AGEING
BBSN03,ANTI-CELLULITE
BBSN04,SOAPS
BBSN05,BODY OIL/LOTION
BBSN06,BATH SETS
BBSN07,DEODORANT
BBSN08,SHOWER GEL/BODY SCRUB
BBSN09,HAND CREAM/LOTION
BBSN10,MEDICATED FOOTCARE
BBSN11,FOAM BATH
BBSN12,FOOT CARE
BBSN13,BODY CARE
BBSN14,BATH ADDITIVES
BCCE,EYES COLOUR
BCCE00,EYES COLOUR
BCCE01,EYESHADOW
BCCE02,EYELINER
BCCE03,EYEBROW PENCIL
BCCE04,MASCARA
BCCE05,EYE COLOUR SALE
BCCF,FACE COLOUR
BCCF00,FACE COLOUR
BCCF01,FOUNDATION
BCCF02,POWDER
BCCF03,BLUSH
BCCF04,FACE COLOUR SALE
BCCF05,PRIMERS
BCCF06,CONCEALERS
BCCG,COLOUR GIFT & VALUE OFFER
BCCG00,COLOUR GIFT & VALUE OFFER
BCCG01,GIFT OFFER
BCCG02,VALUE OFFER
LEVEL,"ORDER-LEVEL
PROM DISC
------------------------------------------------------------------------------------------------------------------------------------
BCCL"
BCCL,LIPS
BCCL00,LIPS
BCCL01,LIPSTICK
BCCL02,LIP LINER
BCCL03,LIPGLOSS
BCCL04,LIP COLOUR SALE
BCCL05,LIP COLOUR
BCCL06,CHILDREN
BCCN,NAIL COLOUR
BCCN00,NAIL COLOUR
BCCN01,NAIL POLISH
BCCN02,NAIL TREATMENTS
BCCN03,NAIL ART
BCCN04,NAIL COLOUR SALE
BCCS,COLOUR SETS
BCCS00,COLOUR SETS
BCCS01,COLOUR SETS
BFAA,CANDLES
BFAA00,CANDLES
BFAA01,CANDLES LUXURY
BFAA02,CANDLES LIFESTYLE
BFAB,DIFFUSERS
BFAB00,DIFFUSERS
BFAB01,DIFFUSERS LUXURY
BFAB02,DIFFUSERS LIFESTYLE
BFAC,ROOM FRAGRANCE
BFAC00,ROOM FRAGRANCE
BFAC01,ROOM FRAG SCENTED OILS
BFAC02,ROOM SPRAYS
BFAC03,LINEN MIST
BFAC04,ROOM FRAG SACHETS
BFAC05,ROOM FRAG ACCESSORIES
BPFB,LIFESTYLE
BPFB00,LIFESTYLE
BPFB01,LIFESTYLE MEN
BPFB02,LIFESTYLE LADIES
BPFC,KIDDIES
BPFC00,FRAGRANCE KIDDIES
BPFC01,KIDDIES BOYS
BPFC02,KIDDIES GIRLS
BPFC03,KIDDIES TESTERS
BPFG,FRAGRANCE GIFT & VALUE OFFER
BPFG00,FRAGRANCE GIFT & VALUE OFFER
BPFG01,FREE GIFT
BPFG02,GIFT SETS LADIES
BPFG03,GIFT WITH PURCHASE M
BPFG04,GIFT WITH PURCHASE F
BPFG05,GIFT SETS MEN
BPFG07,GIFT SETS LADIES MASS
BPFG08,GIFT SETS MENS MASS
BPFM,FRAGRANCE - MASS
BPFM00,FRAGRANCE MASS
BPFM01,MASS MEN
BPFM02,MASS WOMEN
BPFM03,MASS FRAG TESTERS
BPFP,FRAGRANCE - FINE
BPFP00,FRAGRANCE FINE
BPFP01,FINE FRAG MEN
BPFP02,FINE FRAG WOMEN
BPFP03,FINE FRAG TESTER
BPFP04,FINE FRAG UNISEX
BPFR,OTHER
BPFR00,FRAGRANCE OTHER
BPFR01,MEN
BPFR02,WOMEN
BPFS,SALE
BPFS00,FRAGRANCE SALE
BPFS01,SALE FRAG MEN
BPFS02,SALE FRAG WOMEN
BPFS05,FRAGRANCE DISCOUNT
BPFT,TOILETRY
BPFT00,TOILETRY
BPFT01,TOILETRY FRAG MEN
BPFT02,TOILETRY FRAG WOMEN
CAAA,CELLULAR
CAAA00,CELLULAR
CAAA01,PHONES
CAAA02,STARTER PACKS
CAAA03,ACCESSORIES
FAAA00,SALON PROFESSIONAL
FAAA01,SALON SHAMPOO
FAAA02,SALON CONDITIONER
FAAA03,SALON STYLING AIDS
FAAA04,SALON TREATMENTS
FAAA05,SALON ANTI-DANDRUFF
FAAA06,SALON GIFT SETS/PROMOS
FAAA08,SALON STRAIGHTENERS
FAAA09,SALON CURLERS
FAAA10,SALON HAIR DRYERS
FAAA11,SALON SHAVING
FAAA12,SALON HAIR LOSS
FAAA13,SALON BRUSHES
FBBA,BABY PAPER
FBBA00,BABY PAPER
FBBA01,DIAPERS - ECONOMY
FBBA02,DIAPERS - MID TIER
FBBA03,DIAPERS - PREMIUM
FBBA04,WIPES
FBBA05,NAPPY BAGS
FBBA07,DIAPERS - PANTS
FBBB,BABY FOODS
FBBB00,BABY FOODS
FBBB01,FORMULA
FBBB03,FORMULA SPECIALITY
FBBB04,CEREAL
FBBB05,JUICE/TEAS
FBBB08,SNACKS/TREATS
FBBB09,GONE FOREVER
FBBC,BABY HARDWARE
FBBC00,BABY HARDWARE
FBBC02,BATHCARE
FBBC03,SAFETY ACCESSORIES
FBBC04,CLOTHING
FBBC05,THERMOMETERS
FBBC06,MONITORS
FBBC07,INFANT CARRIERS
FBBC08,BEDDING
FBBC09,BABY COTS
FBBC10,BABY SEATS
FBBC13,TEETHING ACCESSORIES
FBBC14,TOILET TRAINING
FBBC15,BABY SUNDRY
FBBC16,GONE FOREVER
FBBD,BABY FEEDING
FBBD00,BABY FEEDING
FBBD01,BOTTLES
FBBD03,UTENSIL CLEANING & S
FBBD04,TEATS
FBBD05,BIBS
FBBD06,SOOTHERS
FBBE,BABY TOLIETRIES
FBBE00,BABY TOLIETRIES
FBBE01,BABY SOAP
FBBE02,POWDER
FBBE03,HAIRCARE
FBBE04,LOTION/CREAM/JELLY
FBBE05,BUM CREAM
FBBE06,GROOMING
FBBE07,DENTAL
FBBE08,DERMO / ORGANIC
FBBG,BABY UNSCHEDULED PRODUCTS
FBBG00,BABY UNSCHEDULED PRODUCTS
FBBG01,TEETHING
FBBG02,NASAL/THROAT
FBBG03,COLIC
FBBG04,STOMACH
FBBG05,GENERAL
FBBG06,GONE FOREVER
FBBH,MATERNITY
FBBH00,MATERNITY
FBBH01,MATERNITY WEAR
FBBH02,BREAST PADS
FBBH03,BREAST PUMPS
FBBH04,NIPPLE CREAMS
FBBH05,STRETCH MARK CREAMS
FBBH06,BABY BAG
FBBH07,GONE FOREVER
FDAA,FMCG BANDAGES
FDAA00,FMCG BANDAGES
FDAA01,ADHESIVE
FDAA02,COBAN & NON ADHESIVE
FDAA03,CONFORM
FDAA04,CREPE
FDAB,FMCG DISINFECTANTS
FDAB00,FMCG DISINFECTANTS
FDAB01,BURN
FDAB02,CREAMS
FDAB03,LIQUIDS
FDAB04,WIPES
FDAC,FMCG DRESSINGS
FDAC00,FMCG DRESSINGS
FDAC01,GAUZE
FDAC02,NON-ADHESIVE
FDAC03,SPECIALISED
FDAD,FMCG ELECTRICAL
FDAD00,FMCG ELECTRICAL
FDAD01,AIR PURIFY/IONISER
FDAE,FMCG HOT & COLD PACKS
FDAE00,FMCG HOT & COLD PACKS
FDAE01,HOT & COLD PACK
FDAF,FMCG FAD KITS
FDAF00,FMCG FAD KITS
FDAF01,FAD KITS COMPLETE
FDAF02,FAD KITS INCOMPLETE
FDAG,FMCG NEEDLES & SYRINGES
FDAG00,FMCG NEEDLES & SYRINGES
FDAG01,NEEDLES
FDAG02,SYRINGES W/OUT NEEDLE
FDAG03,SYRINGE WITH NEEDLE
FDAH,FMCG PILL BOXES
FDAH00,FMCG PILL BOXES
FDAH01,PILL BOXES
FDAI,FMCG PLASTERS
FDAI00,FMCG PLASTERS
FDAI01,FABRIC
FDAI02,MICROPOREOUS TAPE
FDAI03,PLASTIC
FDAI04,SPORTS & STRAPPING
FDAI05,WATERPROOF
FDAI06,X MEDICATED
FDAJ,FMCG RUBS & SPORT ANTI INFLAM
FDAJ00,FMCG RUBS & SPORT ANTI INFLAM
FDAJ01,SPORTS RUBS
FDAK,FMCG FAD SUNDRIES
FDAK00,FMCG FAD SUNDRIES
FDAK01,EAR PLUGS
FDAK02,EAR/NOSE/EYE/MASK
FDAK03,F/AID ACCESSORIES
FDAK04,FINGER GUARDS
FDAK05,X MASKS
FDAK06,X NEEDLES & SYRINGES
FDAK07,THERMOMETERS
FDAL,FMCG SURGICAL GLOVES
FDAL00,FMCG SURGICAL GLOVES
FDAL01,LATEX - POWDER FREE
FDAL02,LATEX - POWDERED
FDAL03,NITRILE
FDAL04,VINYL
FDAM,FMCG HOMECARE
FDAM00,FMCG HOMECARE
FDAM01,HOMECARE
FDAN,PACKED LINES
FDAN00,PACKED LINES
FDAN01,PACKED LINES
FDAO,DISTILLED WATER
FDAO01,DISTILLED WATER
FFFO,FMCG OLD DELETE
FFFO00,FMCG OLD DELETE
FFFO01,DISCONTINUED FMCG
FNAA,EYEWARE
FNAA00,EYEWARE
FNAA01,SUNGLASSES
FNAA02,READING GLASSES
FNAA03,ACCESORIES
FNAA07,LE SPECS
FNAQ,EYEWARE ACCESSORIES
FNAQ00,EYEWARE ACCESSORIES
FNAQ01,CHAINS
FNAQ02,CASES
FNAQ03,WIPES
FNAQ04,REPAIR
FNBA,CARDS AND GIFTING
FNBA00,CARDS AND GIFTING
FNBA01,GREETING CARDS
FNBA02,GIFTWRAP
FNBA03,GIFT BAGS & BOXES
FNBA04,GONE FOREVER
FNBB,BOOKS
FNBB00,BOOKS
FNBB01,MEDICAL
FNBB02,HEALTH
FNBB03,CHILDREN ACTIVITY
FNBB04,CHILDREN EDUCATION
FNBB05,CHILDREN READING ENG
FNBB06,ADULT
FNBB07,COOKING
FNBB08,PREGNANCY
FNBB09,CHILDREN EDUCAT AFR
FNBB10,GONE FOREVER
FNBM,MAGAZINE
FNBM00,MAGAZINE
FNBM01,GOSSIP
FNBM02,WOMEN INTEREST
FNBM03,MEN INTEREST
FNBM04,SPORT
FNBM05,HEALTH
FNBM06,BUSINESS
FNBM07,CHILDREN
FNBM08,GENERAL INTEREST
FNBM09,FOOD & HOME
FNBM10,BENEFITS MAGAZINE
FNBM11,GONE FOREVER
LEVEL,"ORDER-LEVEL
PROM DISC
------------------------------------------------------------------------------------------------------------------------------------
FNBN"
FNBN,NEWSPAPER
FNBN00,NEWSPAPER
FNBN01,DAILY
FNBN02,WEEKLY
FNBS,STUDENT AND OFFICE
FNBS00,STUDENT AND OFFICE
FNBS01,WRITING INSTRUMENTS
FNBS02,CRAFT AND HOBBIES
FNBS03,WRITING PAPER
FNBS04,ACCESSORIES
FNBS05,GONE FOREVER
FNCB,BEVERAGES
FNCB00,BEVERAGES
FNCB01,CARBONATED DRINKS
FNCB02,FRUIT JUICE
FNCB04,WATER
FNCB05,READY TO DRINK
FNCB06,FLAVOURED WATER
FNCB07,GONE FOREVER
FNCB08,ICE CREAM / YOGURT / MILK
FNCC,GUM
FNCC00,GUM
FNCC11,SINGLES
FNCC18,GONE FOREVER
FNCD,CHOCOLATE
FNCD00,CHOCOLATE
FNCD01,FINE
FNCD02,COUNTLINES
FNCD03,SLABS
FNCD04,SEASONAL
FNCD05,PRE- PACKS
FNCD06,GIFTING
FNCD07,GONE FOREVER
FNCE,SUGAR LINES
FNCE00,SUGAR LINES
FNCE01,ENERGY
FNCE02,FUDGE
FNCE03,JELLY GUMS
FNCE04,LIQUIRIOCE
FNCE05,PRE- PACKS
FNCE06,CANDY
FNCE07,NOUGAT
FNCE08,NOVELTIES
FNCE09,GONE FOREVER
FNCF,THROAT
FNCF00,THROAT
FNCF01,SINGLES
LEVEL,"ORDER-LEVEL
PROM DISC
------------------------------------------------------------------------------------------------------------------------------------
FNCS"
FNCS,SNACK
FNCS00,SNACK
FNCS02,CRISPS
FNCS03,COOKIES AND BISCUITS
FNCS04,POPCORN
FNCS05,HEALTH BARS
FNCS06,DRIED FRUIT
FNCS07,SNACK PACK
FNCS08,GONE FOREVER
FNDC,DVD & CD
FNDC00,DVD & CD
FNDC01,DVD & CD
FNEA,BAGS
FNEA00,BAGS
FNEA01,HANDBAGS
FNEA02,TOILETRY BAGS
FNEA03,WALLETS
FNEA04,VANITY CASES
FNEA05,JEWELRY BOXES
FNEA06,FASHION
FNEA07,PROTECTIVE CASES
FNEA08,BACK PACKS
FNFA,TRAVEL
FNFA00,TRAVEL
FNFA01,TRAVEL ADAPTORS
FNFA02,TRAVEL SECURITY
FNFA03,TRAVEL ACCESSORIES
FNFA04,TRAVEL COMFORT
FNFA08,GONE FOREVER
FNFA09,TRAVEL TOILETRIES
FNGA,CHRISTMAS
FNGA00,CHRISTMAS
FNGA01,CANDLES
FNGA02,NOVELTIES
FNGA03,GIFT WRAP CHRISTMAS
FNGB,RAIN WEAR
FNGB00,RAIN WEAR
FNGB01,UMBRELLAS
FNGB02,PONCHO
FNGC,WINTER
FNGC00,WINTER
FNGC01,HOT WATER BOTTLES
FNGC02,SCARVES
FNGC03,BEANIES
FNGC04,GLOVES
FNGC05,SLIPPERS
FNGC06,BLANKETS
FNGC07,WINTER SOCKS
FNGC08,WHEAT BAGS
FNGC09,HEATERS
FNGC10,ELECTRIC BLANKETS
FNGD,SUMMER
FNGD00,SUMMER
FNGD01,CAPS
FNGD02,HATS
FNGD03,FANS
FNGD04,BEACH BAGS
FNGD05,BEACH TOWELS
FNHC,CLEANING
FNHC00,CLEANING
FNHC01,DETERGENTS
FNHC02,BLEACH
FNHC03,SHOE POLISH
FNHC04,HARD SURFACE CLEANER
FNHC06,BRUSHWARE CLEANING
FNHC07,WIPES ONLY
FNHC08,DISH WASHING LIQUIDS
FNHC10,AUTO CLEANING
FNHC11,CLOTHS ONLY
FNHC12,BRAAI WIPES ETC
FNHC13,SPONGES & SCOURER
FNHD,AIR FRESHNERS
FNHD00,AIR FRESHNERS
FNHD01,AIR FRESHNERS SINGLE
FNHD02,AIR FRESHNERS PACKS
FNHE,STORAGE
FNHE00,STORAGE
FNHE01,LUNCH/HYDRATION
FNHE02,STORAGE/REFUGE BAGS
FNHG00,GENERAL USE
FNHG01,GLOBES
FNHG02,HANGERS
FNHG03,SPRAY BOTTLES
FNHG04,HABERDASHERY
FNHG08,HOUSEHOLD WIPES
FNHG09,GENERAL HOUSEHOLD
FNHG10,LIGHTERS
FNHG14,HARDWARE
FNHG19,HARDWARE ELECTRICAL
FNHG21,HOUSEHOLD SCISSORS
FNHG23,WASHING POWDER/COND
FNHG27,PAPER PLATE/CUP/SERV
FNHG29,MAGNIFYING GLASSES
FNHH,SUNDRIES
FNHH00,SUNDRIES
FNHH01,DYES
FNHH02,HOUSEHOLD GLOVES
FNHO,OUTDOOR
FNHO00,OUTDOOR
FNHO01,INSECT REPELENTS
FNHO02,INSECTECIDES
FNHO03,GONE FOREVER
FNHV,PET
FNHV00,PET
FNHV01,TOYS
FNHV02,GROOMING
FNHV03,SUPPLEMENTS
FNHV04,PET FOOD
FNHW,WATER FILTRATION
FNHW00,WATER FILTRATION
FNHW01,PURIFYING TABS
FNHW02,PURIFYING UNITS
FNHW03,COOLING UNITS
FNHW04,WATER FILTRATION ACC
FNIA,PAPER
FNIA00,PAPER
FNIA01,TISSUES
FNIA02,TOILETPAPER
FNIA03,KITCHEN TOWELS
FNIA04,SERVIETTES
FNIA05,WIPES ALL PURPOSE
FNKA,KITCHENWARE
FNKA00,KITCHENWARE
FNKA01,TUMBLERS
FNKA02,MUGS
FNKA03,JUGS
FNKA04,CUTLERY
FNKA05,UTENSILS
FNKA06,CROCKERY
FNKA07,COOKWARE
FNKA08,BAKEWARE
FNKA10,CHARACTER
FNKA11,COOLER BAGS
FNKA12,LUNCH/HYDRATION
FNKA13,PAPER PLATE/CUP/SERV
FNKC,FANCIES
FNKC00,FANCIES
FNKC01,FRAMES
FNKC02,MIRRORS / ORGANISERS
FNKC03,ALBUMS
FNKC04,STONEWARE
FNKC05,PLATTERS & SERVERS
FNKC06,VASES
FNKC07,CANDLE & C/HOLDERS
FNKC08,ORNAMENTS
FNKC09,FANCIES
FNKC11,GIFT SETS
FNLA,TOYS GENERAL
FNLA00,TOYS GENERAL
FNLA01,BABY TOYS
FNLA02,GIRLS TOYS
FNLA03,PLUSH TOYS
FNLA04,BATH TOYS
FNLA05,INDOOR ACTIVITIES
FNLA07,LEGO
FNLA08,ACTIVITY SETS
FNLA09,OUTDOOR ACTIVITIES
FNLA10,BOYS TOYS
FNLA11,BUILDING BLOCKS
FNMA,CLOTHING
FNMA00,CLOTHING
FNMA01,LEGGINGS
FNMA02,UNDERWEAR
FNMA04,DISPOSABLE UNDERWEAR
FNMA05,CLOTHING
FNMA06,HATS
FNOA,SHOPPING BAGS
FNOA00,SHOPPING BAGS
FNOA01,PLASTIC BAGS
FNSH,PHOTO
FNSH00,PHOTO
FNSH01,PHOTO GENERAL
FNSH02,PHOTOGRAPHIC EQUIPMENT
FNSP00,POOL CARE
FNTA,HOME APPLIANCES
FNTA00,HOME APPLIANCES
FNTA01,IRONS
FNTA02,KETTLES
FNTA03,TOASTERS & S/MAKERS
FNTA04,KITCHEN SCALES
FNTA05,BLENDERS & MIXERS
FNTA06,JUICERS
FNTA07,COOKING APPLIANCES
FNTA08,COFFEE MAKERS & GRIN
FNTA09,GRILLERS
LEVEL,"ORDER-LEVEL
PROM DISC
------------------------------------------------------------------------------------------------------------------------------------
FNTB"
FNTB,MASSAGERS
FNTB00,MASSAGERS
FNTB02,BODY MASSAGERS
FNTC,HAIR ELECTRICAL
FNTC00,HAIR ELECTRICAL
FNTC01,HAIR DRYERS
FNTC02,STRAIGHTENERS
FNTC03,STYLERS
FNTC04,HEATED CURLERS
FNTD,SEASONAL
FNTD00,SEASONAL
FNTD01,FANS
FNTE,BEAUTY APPLIANCES
FNTE00,BEAUTY APPLIANCES
FNTE01,BEAUTY APPLIANCES
FNUA,ELECTRICAL ADAPTORS
FNUA00,ELECTRICAL ADAPTORS
FNUA01,PLUGS
FNUA02,MULTI PLUGS
FNUB,ELECTRICAL CORDS
FNUB00,ELECTRICAL CORDS
FNUB01,EXTENTIONS
FNUC,CELLULAR ACCESSORIES
FNUC00,CELLULAR ACCESSORIES
FNUC01,CABLES
FNUC02,CAR CHARGERS
FNUC04,WALL CHARGERS
FNUC05,POWER BANKS
FNUD,AUDIO
FNUD00,AUDIO
FNUD01,SPEAKERS
FNUD02,HEADPHONES
FNUD03,EARPHONES
FNUE,LIGHTING
FNUE00,LIGHTING
FNUE01,GLOBES AND BULBS
FNUE02,PORTABLE LIGHTS
FNUE03,TORCHES
FNUF,MULTIMEDIA
FNUF00,MULTIMEDIA
FNUF01,REMOTES
FNUF02,CAMERAS
FNUF03,MEMORY STORAGE
FNUG,GADGETS
FNUG00,GADGETS
FNUG01,SMART WATCHES
FNUG02,GADGET ACCESSORIES
FNVA,ALKALINE BATTERIES
FNVA00,ALKALINE BATTERIES
FNVA01,AA - ALKALINE BATT
FNVA02,AAA - ALKALINE BATT
FNVB,SPECIALITY BATTERIES
FNVB00,SPECIALITY BATTERIES
FNVB01,HEARING AID
FNVB02,MINIATURES BATT
FNVC,LITHIUM BATTERIES
FNVC00,LITHIUM BATTERIES
FNVC01,AA - LITHIUM BATT
FNVC02,AAA - LITHIUM BATT
FNVD,RECHARGABLE BATTERIES
FNVD00,RECHARGABLE BATTERIES
FNVD01,AA - RECHARGEABLE
FNVD02,AAA - RECHARGEABLE
FNVE,BATTERY ACCESSORIES
FNVE00,BATTERY ACCESSORIES
FNVE01,ACCESSORIES BATT
FPBA,BATH
FPBA00,BATH
FPBA01,ADDITIVES
FPBA02,CHILDRENS BATH
FPBB,BATH CHILDREN
FPBB00,BATH CHILDREN
FPBB02,BATH TOYS
FPBC,BATH ACCESORIES
FPBC00,BATH ACCESORIES
FPBC01,SCALES
FPBC02,WOODEN ACCESSORIES
FPBC03,BATH GENERAL
FPBC04,SPONGES
FPBC05,TOWELS
FPBC06,FACE CLOTHS
FPBC08,SHOWER CAPS
FPBC09,BATH GLOVES
FPBC10,BATH MATS
FPBC11,BATH DIY
FPBF,FOAM BATH
FPBF00,FOAM BATH
FPBF01,BASE RANGE
FPBF02,PREMIUM
FPBF03,CHILDREN
FPBG,SHOWERGELS
FPBG00,SHOWERGELS
FPBG01,BASE RANGE
FPBG02,PREMIUM
FPBL,LIQUID HANDWASH
FPBL00,LIQUID HANDWASH
FPBL01,BASE RANGE
FPBL02,MEDICATED
FPBL03,PREMIUM
FPBL04,WATERLESS
FPBS,SOAPS
FPBS00,SOAPS
FPBS01,SOAPS BASE RANGE
FPBS02,SOAPS MEDICATED
FPBS03,SOAPS PREMIUM
FPBT,BATH CARE SANITIZERS
FPBT00,BATH CARE SANITIZERS
FPBT01,SANITIZERS LIQUIDS/FOAM
FPBT02,SANITIZERS GELS
FPBT03,SANITIZERS AEROSOL
FPBT04,SANITIZERS CREAM
FPBT05,SANITIZERS FOGGER
FPBT06,SANITIZERS SURFACE DISINF
FPBT07,SANITIZERS WIPES
FPCF,MENS FACE CARE
FPCF00,MENS FACE CARE
FPCF01,MENS MOISTURISER
FPCF03,MENS SCRUB
FPCF04,MENS TREATMENT
FPDM,MEN
FPDM00,DEODORANTS - MEN
FPDM01,MEN SPRAY EFFICACY
FPDM02,MEN ROLL-ON
FPDM03,MEN SPRAY FRAGRANCE
FPDM04,MEN STICKS/GELS
FPDM06,MEN DEO VALUE PACKS
FPDW,WOMEN
FPDW00,DEODORANTS - WOMEN
FPDW01,WOMEN SPRAYS EFFICACY
FPDW02,WOMEN ROLL-ON
FPDW03,WOMEN SPRAY FRAGRANCE
FPDW04,WOMEN STICKS/GELS
FPDW05,WOMEN DEO VALUE PACKS
LEVEL,"ORDER-LEVEL
PROM DISC
------------------------------------------------------------------------------------------------------------------------------------
FPFA"
ALISED,FOOTCARE
FPFA,SPECIALISED FOOTCARE
FPFA00,SPECIALISED FOOTCARE
FPFA01,INSOLES / INSERTS
FPFA05,FOOT IMPLEMENTS
FPFA07,GONE FOREVER
FPFB,FOOTWEAR
FPFB00,FOOTCARE
FPFB01,SOCKS
FPFB02,SPECIALIZED SOCKS
FPFB03,PANTIHOSE
FPFT,FOOT TREATMENTS
FPFT00,FOOT TREATMENTS
FPFT02,FOOT ANTI-FUNGAL
FPFT03,FOOT SPRAY
FPFT04,FOOT POWDER
FPFT05,FOOT CREAMS
FPFT06,FOOT GONE FOREVER
FPHA,PROFFESSIONAL AFFORDABLE
FPHA00,PROFFESSIONAL AFFORDABLE
FPHA01,PROF SHAMPOO
FPHA02,PROF CONDITIONERS
FPHA03,PROF STYLING
FPHA04,PROF TREATMENTS
FPHC,HAIR COLOUR
FPHC00,HAIR COLOUR
FPHC01,PERMANENT
FPHC02,SEMI-PERMANENT
FPHC03,NATURAL
FPHC04,GONE FOREVER
FPHD,HAIR ACCESORIES
FPHD00,HAIR ACCESORIES
FPHD01,BRUSHES ENTRY LEVEL
FPHD02,BRUSHES MID TIER
FPHD03,GROOMING ACCES
FPHD04,COMBS
FPHD05,ROLLERS
FPHD06,HAIR ACCESS TINTING
FPHD07,HAIR ACCESS UTILITIES
FPHD08,HAIR ACCESS DECORATE
FPHD09,SPRAY BOTTLES
FPHD10,HAIR ACCESS GONE FOREVER
FPHE,ETHNIC
FPHE00,ETHNIC
FPHE01,STRAIGHTENERS
FPHE02,ETHNIC RELAXERS
FPHE03,ETHNIC TREAMENTS
FPHE04,ETHNIC KIDDIES
FPHE05,ETHNIC APPLICATIONS
FPHE06,ETHNIC GONE FOREVER
FPHE07,ETHNIC WASH N CARE
FPHE08,ETHNIC EXTENSION AND WIGS
FPHE09,ETHNIC HAIR ACCESSORIES
FPHH,WASH & CARE
FPHH00,WASH & CARE
FPHH01,SHAMPOO
FPHH03,CONDITIONER
FPHI,COSMETIC / BEAUTY
FPHI00,COSMETIC / BEAUTY
FPHI01,SHAMPOO
FPHI02,CONDITIONER
FPHI03,TREATMENTS
FPHJ,BASIC / FAMILY CARE
FPHJ00,BASIC / FAMILY CARE
FPHJ01,SHAMPOO
FPHJ02,CONDITIONER
FPHJ03,TREATMENTS
FPHJ04,DISCONTINUED
FPHK,MEDICATED
FPHK00,MEDICATED
FPHK01,ANTIDANDRUFF
FPHK02,LICE TREATMENTS
FPHK03,HAIR LOSS / THINNING
FPHS,STYLING
FPHS00,STYLING
FPHS01,GELS
FPHS02,STYLING AIDS
FPHS05,HAIRSPRAY/SPRITZ
FPHS07,GONE FOREVER
FPHT00,TREATMENT
FPIA,INTIMATE CARE UNDERWEAR
FPIA00,INTIMATE CARE UNDERWEAR
FPIA01,UNDERWEAR
FPIA02,DISPOSABLE UNDERWEAR
FPIF,FEMININE HYGIENE
FPIF00,FEMININE HYGIENE
FPIF01,FEMININE SPRAY
FPIF02,FEMININE WASH
FPIF03,FEMININE POWDER
FPIF04,FEMININE WIPES
FPIP,SANITARY PROTECTION
FPIP00,SANITARY PROTECTION
FPIP01,TAMPON
FPIP02,LINERS
FPIP03,PADS
FPIP04,DISCONTINUED
FPIS,SEXUAL WELL BEING
FPIS00,SEXUAL WELL BEING
FPIS01,CONDOMS
FPIS02,LUBRICANTS
FPIS03,STIMULATORS
FPIS04,DISCONTINUED
FPJA,INCONTINENCE
FPJA00,INCONTINENCE
FPJA01,INCONTINENCE PADS
FPJA02,INCONTINENCE NAPPIES
FPJA03,INCONTINENCE PANTS
FPOA,TOOTHBRUSHES MANUAL
FPOA00,TOOTHBRUSHES MANUAL
FPOA01,TB MANUAL ENTRY LEVEL
FPOA02,TB MANUAL MID TIER
FPOA03,TB MANUAL PREMIUM
FPOA04,TB MANUAL KIDS
FPOB,POWER BRUSHING
FPOB00,POWER BRUSHING
FPOB01,ELECTRIC ENTRY LEVEL
FPOB02,ELECTRIC MID TIER
FPOB03,ELECTRIC PREMIUM
FPOB04,ELECTRIC KIDS
FPOB05,BRUSH HEADS
FPOB12,ELECTRIC FLOSSER
FPOB13,FLOSSER HEADS
FPOC,DENTURE
FPOC00,DENTURE
FPOC01,DENTURE FIXATIVE
FPOC02,DENTURE CLEANSER
FPOC03,DENTURE ACCESSORIES
FPOG,MOUTHWASH
FPOG00,MOUTHWASH
FPOG01,REGULAR
FPOG02,WHITENING
FPOG03,SUNDRIES
FPOG04,DISCONTINUED
FPOH,HYGIENE
FPOH00,HYGIENE
FPOH01,FLOSS
FPOH02,DENTURE ACCESS
FPOH03,BREATH FRESHNERS
FPOH04,INTERDENTAL
FPOH05,TONGUE CLEANER
FPOH06,DISCONTINUED
FPOT,TOOTHPASTE
FPOT00,TOOTHPASTE
FPOT01,TP MASS
FPOT02,TP WHITENING MASS
FPOT03,TP PREMIUM
FPOT04,TP SENSITIVE
FPOT05,TP KIDS
FPOT06,TP SPECIALITY
FPOT07,DISCONTINUED
FPOT08,TP WHITENING PREMIUM
FPSA,POWDER
FPSA00,POWDER
FPSA01,SCENTED POWDER
FPSB,BODY CREAMS
FPSB00,BODY CREAMS
FPSB03,EVERYDAY CREAMS
FPSB04,MEDICATED
FPSB07,AQUEOUS CREAMS
FPSB08,PETROLEUM JELLY
FPSB11,GONE FOREVER
FPSC,LOTIONS
FPSC00,LOTIONS
FPSC01,EVERYDAY LOTION
FPSC02,MEDICATED LOTIONS
FPSH03,HAND CRM MOISTURISING
FPSL,LIP TREATMENTS
FPSL00,LIP TREATMENTS
FPSL01,MEDICATED
FPSL04,EVERYDAY
FPSM,TISSUE OILS
FPSM00,TISSUE OILS
FPSM01,TISSUE OIL
FPSS,SUNTAN
FPSS00,SUNTAN
FPSS01,HIGH FACTOR
FPSS02,MEDIUM FACTOR
FPSS03,LOW FACTOR
FPSS04,CHILDREN
FPSS05,SELFTAN
FPSS06,TANNING OIL
FPSS07,AFTERSUN
FPSS09,SUPPLEMENTS
FPSS10,GONE FOREVER
FPVM,SHAVING MEN
FPVM00,SHAVING MEN
FPVM01,MEN BLADES
FPVM02,MEN RAZORS
FPVM03,MEN DISPOSABLE BLADES
FPVM04,AFTERSHAVE
FPVM05,BLADES PREMIUM
FPVM06,MEN FOAMS / GELS
FPVM07,TREATMENTS
FPVM08,ELECTRICAL SHAVERS
FPVM09,ELECTRICAL TRIMMERS
FPVM10,MANUAL TRIMMERS
FPVM11,SHAVER HEADS
FPVM12,BLADES PREMIUM
FPVW,SHAVING WOMEN
FPVW00,SHAVING WOMEN
FPVW01,WOMEN BLADES
FPVW02,WOMEN RAZORS
FPVW03,WOMEN DISPOSABLE BLADES
FPVW06,WOMEN FOAMS / GELS
FPVW07,WOMEN TREATMENTS
FPVW08,ELECTRICAL SHAVERS
FPVW09,DEPILLATORY
FPVW10,LADY TRIMMERS
HHHO,DICONTINUED OLD DELETE
HHHO00,DICONTINUED OLD DELETE
HHHO01,DISCONTINUED ITEMS
HNF1,NUTS
HNF100,NUTS
HNF101,NUTS-ALMONDS
HNF102,NUTS-CASHEWS
HNF103,NUTS-HAZELNUTS
HNF104,NUTS-MACADAMIA
HNF105,NUTS-MIXED NUTS
HNF106,NUTS-OTHER
HNF107,NUTS-PEANUTS
HNF108,NUTS-PEANUTS & RAISIN
HNF109,NUTS-PECAN
HNF110,NUTS-PISTACHIO
HNF111,NUTS-WALNUTS
HNF2,RICE/OAT/POPCOR CAKE
HNF200,RICE/OAT/POPCOR CAKE
HNF201,CORN CAKES
HNF202,OAT CAKES
HNF203,RICE CAKES
HNF204,VEGGIE CAKES
HNF3,RUSKS/BISC & CRACKER
HNF300,RUSKS/BISC & CRACKER
HNF301,CRISPBREAD
HNF302,RUSKS
HNF4,SUPERFOODS
HNF400,SUPERFOODS
HNF401,BARLEY GRASS
HNF402,BEETROOT
HNF403,CACAO
HNF404,GREENS PLUS PROTEIN
HNF405,GREENS POWDER MIX
HNF406,HEMP SEED POWDER
HNF407,MACA
HNF408,SPIRULINA
HNF409,SUPERFOODS ASSORTED
HNF410,WHEAT GRASS
HNF5,WEIGHT MANAGEMENT FO
HNF500,WEIGHT MANAGEMENT FO
HNF501,WEIGHT MANAGEMENT FO
HNFA00,BACKING FORMULAS
HNFA01,BAKING ASSORTED
HNFA02,BAKING FLOUR
HNFA03,BAKING MIXES
HNFA04,YEAST FLAKES
HNFB00,BEAN & SEED
SEED,MIX
HNFB02,BEANS & SEEDS ASSORT
HNFB03,CHIA SEEDS
HNFB04,FLAXSEED
HNFB05,PUMPKIN SEEDS
HNFB06,SUNFLOWER SEEDS
HNFC00,BILTONG
HNFC01,BILTONG SLICED
HNFC02,BILTONG STICKS
HNFC03,DRY WORS
HNFD00,SPECIALIZED DIET FOODS
HNFF,FOOD
HNFF00,FOOD
HNFG00,CEREAL & MUESLI
HNFG01,BRAN FLAKES
HNFG02,GRANOLA/MUESLI
HNFG03,INSTANT PORRIDGE
HNFG04,OATS
HNFG05,WEET BIX
HNFH00,COFFEE & HOT DRINKS
HNFH01,CAPPUCCINO
HNFH02,COFFEE
HNFH03,HOT CHOCOLATE
HNFH04,MALT HOT DRINKS
HNFH05,SOUPS
HNFI00,DRIED FRUIT
HNFI01,BANANA CHIPS
HNFI02,CRANBERRIES
HNFI03,DATES
HNFI04,DRIED FRUIT ASSORTED
HNFI05,GOJI BERRIES
HNFI06,MANGO
HNFI07,MIXED DRIED FRUIT
HNFI08,PEACHES
HNFI09,PRUNES
HNFI10,RAISINS
HNFJ00,EDIBLE OILS
HNFJ01,BLACK CUMIN OIL
HNFJ02,CANOLA BLEND OIL
HNFJ03,COCONUT OIL
HNFJ04,FLAXSEED OIL
HNFJ05,GRAPESEED OIL
HNFJ06,HEMP OIL
HNFJ07,MCT OIL
HNFJ08,OLIVE OIL
HNFJ09,PEANUT OIL
HNFJ10,PINE NUT OIL
HNFJ11,SESAME OIL
HNFK00,FOODS GENERAL
HNFK01,COUSCOUS
HNFK02,FOODS GENERAL ASSORT
HNFK03,OAT BRAN
HNFK04,PYSLLIUM HUSK
HNFK05,QUINOA
HNFL00,FREE FROM ANIMAL PRODUCTS
HNFL01,ANIMAL FREE ASSORTED
HNFL02,FREE-FROM CHEESE
HNFL03,FREE-FROM EGG
HNFL04,FREE-FROM MEAT ALT
HNFL05,FREE-FROM TOFU
HNFL06,VEGAN BILTONG
HNFM00,FREE FROM PASTA
HNFM01,CALORIE FREE PASTA
HNFM02,CHICKPEA PASTA
HNFM03,CORN PASTA
HNFM04,GLUTEN FREE PASTA
HNFM05,GREEN PEA PASTA
HNFM06,INSTANT NOODLES
HNFM07,LENTIL PASTA
HNFM08,QUINOA PASTA
HNFM09,RICE PASTA
HNFN,FREE FROM DAIRY
HNFN00,FREE FROM DAIRY
HNFN01,ALMOND MILK
HNFN02,COCNUT CREAM
HNFN03,COCONUT MILK
HNFN04,COCONUT WATER
HNFN05,FREE-FROM YOGHURT
HNFN06,KEFIR KIT
HNFN07,MACADAMIA MILK
HNFN08,OAT MILK
HNFN09,RICE MILK
HNFN10,SOYA MILK
HNFO00,FREE FROM GLUTEN
HNFO01,GLUTEN FREE BISCUITS
HNFO02,GLUTEN FREE ASSORTED
HNFO03,GLUTEN FREE CEREAL
HNFO04,GLUTEN FREE OATS
HNFO05,GLUTEN FREE RUSKS
HNFP00,FRESH FROZEN FOODS
HNFP01,FROZEN FRUITS
HNFP02,FROZEN MEALS
HNFP03,GOAT YOGURT
HNFP04,KEFIR
HNFP05,SMOOTHIES
HNFQ00,FUNCTIONAL FOODS
HNFQ01,DIABETIC MRP
HNFQ02,FOODS PROTEIN POWDER
HNFQ03,FUNCTIONAL FOODS MRP
HNFQ04,KIDS FOCUSED MRP
HNFR00,HEALTH DRINK
HNFR01,ALOE VERA DRINK
HNFR02,FRUIT/VEG JUICE
HNFR03,HEALTH JUICE SHOT
HNFR04,HEALTH JUICES
HNFR05,ICE TEA DRINK
HNFR06,KOMBUCHA DRINK
HNFR07,PRUNE JUICE
HNFS00,SUGAR FREE
HNFS01,AGAVE
HNFS02,COCONUT SUGAR
HNFS03,ERYTHRITOL
HNFS05,FRUCTOSE
HNFS06,LIQUID SWEETENER
HNFS07,S/F BISCUITS
HNFS08,S/F RUSKS
HNFS09,STEVIA
HNFS10,SUCRALOSE
HNFS11,SUGAR FREE CHOCOLATE
HNFS12,SUGAR FREE DRINKS
HNFS13,SUGAR FREE JELLY
HNFS14,SUGAR FREE PUDDING
HNFS15,SUGAR FREE SWEETS
HNFS16,SWEETENERS
HNFS17,XYLITOL
HNFT00,HEALTH SAUCE & DRESSINGS
1000,ISLAND
HNFT02,APPLE CIDER
HNFT03,BALSAMIC VINEGAR
HNFT04,BBQ SAUCE
HNFT05,CHUTNEY
HNFT06,HEALTH SAUCES ASSORT
HNFT07,LEMON JUICE
HNFT08,MAYONNAISE
HNFT09,MUSTARD
HNFT10,SWEET CHILLI SAUCE
HNFT11,SWEET SAUCES
HNFT12,TOMATO SAUCE
HNFU00,HEALTH SNACKS
HNFU01,DATE BALLS
HNFU02,FRUIT SNACKS
HNFU03,HEALTH SNACK BARS
HNFU04,HEALTH SNACK BISCUIT
HNFU05,HEALTH SNACK CHIPS
HNFU06,HEALTH SNACK NUTS
HNFU07,HEALTH SNACK PRETZEL
HNFU08,HEALTH SNACK SMOOTIE
HNFU09,HEALTH SNACK SWEETS
HNFU10,HEALTH SNACKS CORN
HNFU11,HEALTH SNACKS NUTS
HNFU12,HEALTH SNACKS POPCORN
HNFV00,HEALTH TEAS
HNFV01,ASSORTED TEA
HNFV02,BUCHU TEA
HNFV03,CHAI TEA
HNFV04,CHAMOMILE TEA
HNFV05,CLEANSING TEA
HNFV06,EARL GREY TEA
HNFV07,GINGER TEA
HNFV08,GINSENG TEA
HNFV09,GREEN TEA
HNFV10,HEALTH TEA-SLIMMING
HNFV11,JASMINE TEA
HNFV12,KIDDIES TEA
HNFV13,MAMMA TEA
HNFV14,MINT TEA
HNFV15,OOLONG TEA
HNFV16,ROOIBOS TEA
HNFV17,TURMERIC TEA
HNFW,WHOLE FOODS
HNFW00,WHOLE FOODS
HNFW04,NUTS
HNFW06,GENERAL
HNFW07,DRIED FRUIT
HNFW08,FOODS RICE
HNFX01,BLACK PEPPER
HNFX02,CAYENNE PEPPER
HNFX03,CHICKEN SPICE
HNFX04,CINNAMON
HNFX05,GINGER
HNFX06,HERBS & SPICES ASSOR
HNFX07,HIMALAYAN SALT
HNFX08,SEA SALT
HNFX09,TUMERIC SPICES
HNFY01,ALMOND BUTTER
HNFY02,CASHEW NUT BUTTER
HNFY03,COCONUT BUTTER
HNFY04,COD LIVER/MALT
HNFY05,DATE SYRUP
HNFY06,HONEY
HNFY07,MACADAMIA BUTTER
HNFY08,MAPLE SYRUP
HNFY09,MOLASSES
HNFY10,PEANUT BUTTER
HNFY11,SUGAR FREE JAMS
HNFY12,TAHINI
HNFZ01,FAT FREE MILK
HNFZ02,FULL CREAM MILK
HNFZ03,LACTOSE FREE MILK
HNFZ04,LOW FAT MILK
HSNA,KETO FOCUS
HSNA00,KETO FOCUS
HSNA01,KETO BARS
HSNA02,KETO BHB SALTS
HSNA03,KETO CHIPS
HSNA04,KETO CREAMER
HSNA05,KETO ENDURANCE
HSNA06,KETO FAT BURNER
HSNA07,KETO MCT OIL
HSNA08,KETO SHAKES
HSNB,PHYSIQUE & PERFORMANCE
HSNB00,PHYSIQUE & PERFORMANCE
LEVEL,"ORDER-LEVEL
PROM DISC
------------------------------------------------------------------------------------------------------------------------------------
HSNC"
TIONAL,BARS
HSNC,NUTRITIONAL BARS
HSNC00,NUTRITIONAL BARS
HSNC01,PROTEIN BARS
HSND,SPORTS DRINKS
HSND00,SPORTS DRINKS
HSND01,SPORTS DRINKS
HSND02,SPORTS WATER ENHANCERS
HSND03,SPORTS READY-TO-DRINKS
HSND04,ENERGY DRINKS
HSNE,ENDURANCE
HSNE00,ENDURANCE
HSNE01,ELECTROLYTE FIZZIES
HSNE02,ENERGY GELS
HSNE03,ENDURANCE POWDERS
HSNE04,ENERGY BAR OATS
HSNE05,ENDURANCE RECOVERY
HSNE06,ENERGY CHEW TABS
HSNE07,ENERGY CHEWS
HSNE08,ENERGY BARS
HSNE09,HYDRATE SACHETS
HSNF,PERFORMANCE ENHANCERS
HSNF00,PERFORMANCE ENHANCERS
HSNF01,AMINO ACIDS
HSNF02,CREATINE
HSNF03,GLUTAMINE
HSNF04,TEST BOOSTER
HSNG,SPORTS PLANT BASED
HSNG00,SPORTS PLANT BASED
HSNG01,PLANT BASED BARS
HSNG02,PLANT BASED GAINER
HSNG03,PLANT BASED PROTEINS
HSNH01,PRE-WORKOUT
HSNH02,PRE-WORKOUT CONCENTR
HSNI,SPORTS VITAMIN
HSNI00,SPORTS VITAMIN
HSNI01,SPORTS CREAMS
HSNI02,SPORTS-CHAFTING
HSNI03,SPORTS-IMMUNE
HSNI04,SPORTS-JOINT
HSNI05,SPORTS-VITAMINS
HSNJ,WATER ENHANCERS
HSNJ00,WATER ENHANCERS
HSNJ01,COFFEE/MILKSHAKE DRO
HSNJ02,KIDS WATER ENHANCERS
HSNK,WEIGHT LOSS SPORTS
HSNK00,WEIGHT LOSS SPORTS
HSNK01,CLA
HSNK02,SLIM STICKS
HSNK03,STIMULANT FREE
HSNK04,THERMOGENIC FAT BURN
HSNK05,WATER RETENTION
HSNK06,WEIGHT LOSS LIQUIDS
HSNM,MEAL REPLACEMENTS
HSNM00,MEAL REPLACEMENTS
HSNM01,NUTRITIONAL BARS
HSNM02,SPORTS MRP FORMULAS
HSNN,PROTEIN BASED POWDERS
HSNN00,PROTEIN BASED POWDERS
HSNN01,PLANT BASED PROT
HSNN02,BLENDED PROTEIN
HSNN03,MASS GAINERS
HSNN04,MEAL REPLACEMENT
HSTA,SPORTS FOOD
HSTA00,SPORTS FOOD
HSTA01,CREAM OF RICE
HSTA02,HIGH PROTEIN CEREAL
HSTA03,HIGH PROTEIN SPREADS
HSTA04,PROTEIN FOODS
HSTA05,SPORTS HOT DRINK
HSTB,SPORTS SOCKS
HSTB00,SPORTS SOCKS
HSTB01,SPORTS SOCKS
HSTC,SPORTS TAPES
HSTC00,SPORTS TAPES
HSTC01,SPORTS TAPES
HSTD,SPORTSWEAR
HSTD00,SPORTSWEAR
HSTD01,BIOGEN CLOTHING
HSTD02,SPORTS BRA/TANK TOPS
HSTD03,SPORTSWEAR-LEGGINGS
HSTD04,SPORTSWEAR-UNDERWEAR
HSTD05,TEKKIE TIES
HSTE,TRAINING ACCESSORIES
HSTE00,TRAINING ACCESSORIES
HSTE01,CYCLING GLOVES
HSTE02,FOAM ROLLERS
HSTE03,GYM BALLS
HSTE04,GYM MATS
HSTE05,MEAL PREP BAG
HSTE06,TOWEL
HSTE07,TRAINING BANDS
HSTE08,TRAINING BELT
HSTE09,TRAINING GEAR
HSTE10,TRAINING GLOVES
HSTE11,TRAINING GRIPS
HSTE12,SHAKERS
HSTE13,HEALTH TECH
HSTE14,WATER BOTTLES
HSTG,GYM EQUIPMENT
HSTG00,GYM EQUIPMENT
HSTG01,HOME TRAINING
HSTG02,YOGA
HSTG03,TRAINING ACCESSORIES
HSTG04,SPORTSWEAR
HSTG05,HEALTH TECH
HSTG06,SPORTS TAPES
HSTG07,SPORTS SOCKS
HSTS,SUPPORTS
HSTS00,SUPPORTS
HSTS01,KNEE OPEN
HSTS02,KNEE CLOSED
HSTS03,ANKLE
HSTS04,THIGH
HSTS05,WRIST
HSTS06,ELBOW
HSTS07,MOUTH GUARDS
HSTS08,OTHER SUPPORTS
HSTS09,SUPPORTS MAGNETIC
HSTS10,SUPPORTS BACK
HSTS11,SUPPORT SPECIALITY
HSTT,TRAINING MEDIA
HSTT00,TRAINING MEDIA
HSTT01,WORKOUT
HVL1,SMOKING CESSATION
HVL100,SMOKING CESSATION
HVL101,NICORETTE GUM
HVL102,SMOKING CESSATION
HVL2,SPECIALITY VITS
HVL200,SPECIALITY VITS
HVL201,INOSITOL
HVL202,L-ARGININE
HVL203,L-CARNITINE
HVL204,L-GLUTAMINE VITS
HVL205,L-LYSINE
HVL206,L-TYROSINE
HVL207,SPECIALITY ASSORTED
HVL3,STRESS ANXIETY & SLEEP
HVL300,STRESS ANXIETY & SLEEP
HVL301,SLEEP
HVL302,STRESS & ANXIETY
HVL4,TRADITIONAL HEALTH
HVL400,TRADITIONAL HEALTH
HVL401,MORINGA
HVL402,TRADITIONAL MIXTURE
HVL403,TRADITIONAL TEAS
HVL404,TRADITIONAL REMEDIES
HVL5,WOMENS HEALTH
HVL500,WOMENS HEALTH
HVL501,BIO BUST
HVL502,FERTILITY WOMEN
HVL503,LEG HEALTH
HVL504,MENOPAUSE/PMS
HVL505,UTI
HVL506,HAIR SKIN AND NAILS
HVLA,HOMEOPATHIC
HVLA00,HOMEOPATHIC
HVLA01,AROMATHERAPY
HVLA02,HOMEOPATHIC GENERAL
HVLA03,PET HOMEOPATHIC
HVLA04,TISSUE SALTS
HVLB00,ADULT VITAMINS
HVLB01,MULTIVIT GENERAL
HVLB02,MULTIVIT MEN
HVLB03,MULTIVIT SENIOR
HVLB04,MULTIVIT WOMEN
HVLB05,VITAMIN A
HVLB06,VITAMIN B
HVLB07,VITAMIN D
HVLB08,VITAMIN E
HVLC00,AROMATHERAPHY
HVLC02,AROMATHERAPY
HVLC12,MASSAGE OILS
HVLD,CHILDRENS HEALTH
HVLD00,CHILDRENS HEALTH
HVLD01,KIDS CALCIUM
HVLD02,KIDS GROWING PAINS
HVLD03,KIDS IMMUNE GUMMIES
HVLD04,KIDS IMMUNE SYRUPS
HVLD05,KIDS MULTIVIT CHEWS
HVLD06,KIDS MULTIVIT GUMMIE
HVLD07,KIDS MULTIVIT SYRUPS
HVLD08,TEEN FOCUS
HVLD09,CHILDREN INTELIGENCE
HVLE00,COGNITIVE HEALTH
HVLE01,CONCENTRATION & MEMO
HVLE02,GINGKO BILOBA
HVLE03,NORTROPICS
HVLF00,COLLAGEN
HVLF01,COLLAGEN BARS
HVLF02,COLLAGEN CAPSULES
HVLF03,COLLAGEN DRINKS
HVLF04,COLLAGEN POWDER
HVLF05,MARINE COLLAGEN
HVLG00,DIABETIC FOCUS
HVLG01,BLOOD SUGAR CONTROL
HVLG02,DIABETIC CREAM
HVLG03,DIABETIC MULTIVIT
HVLH,CBD HERBAL
HVLH00,CBD HERBAL
HVLH01,CBD CAPS/TABS
HVLH02,CBD GEL/LOTION
HVLH03,CBD OILS
HVLH04,CBD PET
HVLH05,CBD SHOTS
HVLH06,CBD TEA
HVLI00,ENERGY
HVLI01,CAFFEINE BASED FIZZI
HVLI02,ENERGY CAPS/TABS
HVLI03,ENERGY LIQUID SACHET
HVLI04,ENERGY LIQUIDS
HVLI05,ENERGY POWDER VITS
HVLI06,ENERGY SWEETS
HVLI07,NON CAFFEINE FIZZIES
HVLJ00,EYE CARE
HVLJ01,EYE CARE VITAMINS
HVLK00,GUT HEALTH
HVLK01,PRO-BIOTICS
HVLK02,DIGESTIVE HEALTH
HVLL,NUTRACEUTICALS
HVLL00,NUTRACEUTICALS
HVLL01,IMMUNE FOCUS
HVLL02,IMMUNE VITAMIN C
HVLL03,HEART HEALTH
HVLL04,COLLAGEN
HVLL05,JOINT HEALTH
HVLL06,ANXIETY AND SLEEPLES
HVLL07,SMOKING CESSATION
HVLL08,SPECIALITY
HVLL09,PRO-BIOTICS
SKIN,AND NAILS
HVLL11,EYE CARE
HVLL12,DIABETIC FOCUS
HVLL13,HERBAL REMEDIES
HVLL14,OMEGAS
HVLL15,PREGNANCY
HVLL16,FEMALE HEALTH
HVLL17,MALE HEALTH
HVLL18,DIGESTIVE HEALTH
HVLL19,SLIMMING
HVLL20,TRADITIONAL REMEDI
HVLM00,HEART HEALTH
HVLM01,CHOLESTEROL CONTROL
HVLM03,UBIQUINOL
HVLO00,HERBAL REMEDIES
HVLO02,ALOE VERA
HVLO03,ASHWAGANDHA
HVLO04,BOLDOCYNARA
HVLO05,CAYENNE VITAMINS
HVLO06,COLLOIDAL SILVER
HVLO07,CURCUMIN
HVLO08,DANDELION
HVLO09,DETOX FOOT PADS
HVLO10,EAR CANDLES
HVLO11,FENUGREEK
HVLO12,HERBAL ASSORTED
HVLO13,HIMALAYA
HVLO14,LECITHIN
HVLO15,NEPHROSOLID
HVLO16,TURMERIC-VITS
HVLO20,HERBAL TINCTURES
HVLP00,IMMUNE FOCUS
HVLP01,IMMUNE CAPS/TABS
HVLP02,IMMUNE DROPS
HVLP03,IMMUNE EFFERVESCENTS
HVLP04,IMMUNE LOZENGES
HVLP05,IMMUNE SYRUPS
HVLP06,IMMUNE - VITAMIN C
HVLP07,ANTIOXIDANTS
HVLQ00,JOINT HEALTH
HVLQ01,JOINT-MSM
HVLQ02,JOINT HEALTH
HVLR00,LIBIDO
HVLR01,LIBIDO FOR MEN
HVLR02,LIBIDO FOR WOMEN
HVLS00,LIVER HEALTH
HVLS01,MILK THISTLE
HVLS02,LIVER TONICS
HVLT,TONICS
HVLT00,TONICS
HVLT01,LIBIDO WOMEN
HVLT02,LIBIDO
HVLT03,ENERGY POWDER
HVLT04,ENERGY LIQUIDS
HVLT05,ENERGY TABLETS
HVLT06,GENERAL TONICS
HVLT07,IRON TONICS
HVLT09,LIVER TONICS
HVLU00,MALE HEALTH
HVLU01,FERTILITY FOR MEN
HVLU02,PROSTATE HEALTH
HVLW00,MINERALS
HVLW01,ALKALINE POWDER
HVLW02,CRAMP RELIEF
HVLW03,ELECTROLYTES
HVLW04,MINERALS-OTHER
HVLW05,MINERALS POTASSIUM
HVLW06,MINERALS SALT TABS
HVLW07,MINERALS IRON
HVLW08,MINERALS CALCIUM
HVLW09,MINERALS MAGNESIUM
HVLW10,MINERALS ZINC
HVLX00,OMEGAS
HVLX01,OMEGAS EPO
HVLX02,OMEGAS KRILL OIL
HVLY00,PREGNANCY
HVLY01,BERRY ELIXIR
HVLY02,FOLIC ACID
HVLY03,PREGNANCY NUTRITION
HVLY04,PREGNANCY PACKS
HVLY05,PREGNANCY RELATED
HVLZ00,SLIMMING-VITS
HVLZ01,SLIMMING BARS
HVLZ02,SLIMMING CAPS/TABS
HVLZ03,SLIMMING DROPS
HVLZ04,SLIMMING MIXTURE
HVLZ05,SLIMMING SHAKE
HVLZ06,SLIMMING TEA
HVZZ00,TRADITIONAL REMEDIES
HVZZ01,TRADITIONAL FATS/RUBS
HVZZ02,TRADITIONAL OILS/LOTIONS
HVZZ03,TRADITIONAL SALTS/POWDERS
HVZZ04,TRADITIONAL DRY HERBS/ROOTS
HVZZ05,TRADITIONAL SOAPS/PERFUMES
HVZZ06,TRADITIONAL LIBIDO PRODUCTS
HVZZ07,TRADITIONAL WATERS/CLEANSERS
HVZZ08,TRADITIONAL INCENSE STICKS/ASST
HVZZ09,TRADITIONAL MIXTURES/SUPPLEMENTS
HVZZ10,TRADITIONAL GENERAL ACCESSORIES
HVZZ11,TRADITIONAL BABY/KIDS
KCAA,CLINIC CONSUMABLES
KCAA00,CLINIC CONSUMABLES
KCAA01,CLINIC CONSUMABLES
KSAA,CLINIC SERVICES
KSAA00,CLINIC SERVICES
KSAA01,CLINIC SERVICES
KSAA02,VIRTUAL CARE
MADA,BLADDER & GENITALS & URINARY SYSTEM
MADA00,BLADDER & GENITALS & URINARY SYSTEM
MADA01,OVULATION
MADA02,PREGNANCY
MADA03,URINARY
MADC,CARDIOVASCULAR TREATMENT & ACCESSOR
MADC00,CARDIOVASCULAR TREATMENT & ACCESSOR
MADC01,CHOLESTEROL
MADC02,HYPERTENSION
MADD,DIAGNOSTIC DETECTION TESTS
MADD00,DIAGNOSTIC DETECTION TESTS
MADD01,DRUG TEST
MADD02,MONITORING
MADD03,RAPID TEST
MADS,DIABETES TREATMENTS & ACCESSORIES
MADS00,DIABETES TREATMENTS & ACCESSORIES
MADS01,DIABETES
MAHC,COUGH COLD & OTHER RESPIRATORY REME
MAHC00,COUGH COLD & OTHER RESPIRATORY REME
MAHC01,COLD REMEDIES
MAHC02,COLD REMEDIES PAEDIATRIC
MAHC03,COUGH/THROAT DROPS
MAHC04,COUGH REMEDIES
MAHC05,HOMEOPATHIC COLD REMEDY
MAHC06,HOMEOPATHIC COUGH REMEDY
MAHC07,NASAL DECONGESTANTS
MAHC08,NASAL PREPARATIONS
MAHC09,RUBS/BALMS
MAHC10,PYHTO ENGINEERED COL
LEVEL,"ORDER-LEVEL
PROM DISC
------------------------------------------------------------------------------------------------------------------------------------
MAHD"
TRICAL,DEVICES
MAHD,ELECTRICAL DEVICES
MAHD00,ELECTRICAL DEVICES
MAHD01,AIDS & ACCESSORIES
MAHD02,HUMIDIFIERS
MAHD03,NEBULIZERS
MAHE,EYE CARE
MAHE00,EYE CARE
MAHE01,CONTACT LENS CARE
MAHE02,EYE CARE PREPARATION
MAHF,FIRST AID & MEDICAL/SURGICAL SUPPLI
MAHF00,FIRST AID & MEDICAL/SURGICAL SUPPLI
MAHF01,EMOLLIENTS & WOUND H
MAHF02,FIRST AID & MEDICAL
MAHH,EAR CARE
MAHH00,EAR CARE
MAHH01,EAR CARE PREPARATION
MAHI,DIGESTIVE/LIVER & INTESTINA
MAHI00,DIGESTIVE/LIVER & INTESTINA
MAHI01,ANTACID
MAHI02,ANTI DIARRHOEAL
MAHI03,ANTI EMETIC & ANTIVE
MAHI05,ELECTROLYTE REPLACEMENT
MAHI06,LAXATIVES
MAHP,PATENT
MAHP00,PATENT
MAHP01,DUTCH REMEDIES
MAHP02,OTHER REMEDIES
MAHR,PAIN RELIEF
MAHR00,PAIN RELIEF
MAHR01,ANALGESICS
MAHR02,ANALGESICS TRANSDERMAL
MAHR03,ANALGESICS PAEDIATRIC
MAHR05,MUSCULAR PAIN RELIEF
MAHS,MEDICAL SPECIALITY
MAHS00,MEDICAL SPECIALITY
MAHS01,HEMORRHOID PREPARATIONS
MAHS02,OBSTETRICS & GYNEA
MAHS03,SKIN TREATMENTS/DERM
MMMO,MEDICAL DISCONTINUED
MMMO00,MEDICAL DISCONTINUED
MMMO01,DISCONTINUED MEDICAL
NAAA,SURGICAL HARDWARE
NAAA00,SURGICAL HARDWARE
NAAA01,INCONTINENCE
NAAA02,BATH AIDS
NAAA03,URINALS
NAAA04,COMMODES
NAAA05,CRUTCHES
NAAA06,ELDERLY AIDS
NAAA07,ROLLATORS
NAAA08,SPARE PARTS
NAAA09,TOILET AIDS
NAAA10,WALKERS
NAAA11,WALKING STICKS
NAAA12,WHEELCHAIRS
NAAB,SURGICAL SOFTWARE
NAAB00,SURGICAL SOFTWARE
NAAB01,CUSHIONS
NAAB02,LINEN PROTECTORS
NAAB03,MATRESSES
NAAC,SURGICAL SPECIALITY
NAAC00,SURGICAL SPECIALITY
NAAC01,AIRWAYS & FEEDING
NAAC02,CONSUMABLES OTHER
NAAC03,DRESSINGS
NAAC04,INTRAVENOUS
NAAC05,ONLINE DEVICES
NAAC06,POST OP SUPPORTS
NAAC07,SUNDRIES
OAAA,SURGICAL SPECIALITY BANDAGES
OAAA00,SURGICAL SPECIALITY BANDAGES
OAAA01,ORTHOPEADIC
OAAA02,CREPE
OAAA04,ADHESIVE
OAAA07,TUBULAR
OAAB,CATHETERS AND URINE BAGS
OAAB00,CATHETERS AND URINE BAGS
OAAB01,FOLEY
OAAB02,INTERMITTENT CATH
OAAB03,LEG BAGS & URINE BAG
OAAB04,NELATON
OAAB05,SELF CATH
OAAB06,URINE COLLECTOR
OAAB08,OTHER
OAAC,CLOTHING
OAAC00,CLOTHING
OAAC01,NON DISPOSABLE
OAAC02,NON WOVEN
OAAD,COLLARS
OAAD00,COLLARS
OAAD01,ADJUSTABLE HARD
OAAD02,COLLAR AND CUFF
OAAD03,POST OP SUPPORT
OAAD04,SOFT/FOAM
OAAE,CONSUMABLES OTHER
OAAE00,CONSUMABLES OTHER
OAAE01,DISPOSABLE
OAAE02,REUSABLE
OAAF,COTTON
OAAF00,COTTON
OAAF01,COTTON BUDS
OAAF02,ROLLS AND BALLS
OAAG,DIAGNOSTICS
OAAG00,DIAGNOSTICS
OAAG01,STRIPS
OAAH,DISINFECTANTS & STERILIZATION
OAAH00,DISINFECTANTS & STERILIZATION
OAAH01,BAGS AND PAPER
OAAH02,LIQUIDS & PWD & TABS
OAAH04,CREAMS
OAAH05,WIPES
OAAH06,WOUND CLEANERS/DISIN
OAAI,DRESSINGS
OAAI00,DRESSINGS
OAAI01,IV DRESSING
OAAI02,WOUND
OAAI03,GAUZE
OAAI05,SWAB
OAAI06,EYE DRESSING
OAAI07,ORTHOPAEDIC DRESSING
OAAJ,ECG ELECTRODES
OAAJ00,ECG ELECTRODES
OAAJ01,ELECTRODES
OAAJ02,RECORDING PAPER
OAAK,ENTERNAL FEEDING
OAAK00,ENTERNAL FEEDING
OAAK01,CONSUMABLES
OAAK02,ENTERAL FEEDS (SOL)
OAAL,EQUIPMENT
OAAL00,EQUIPMENT
OAAL01,CAPITAL
OAAL02,DIAGNOSTIC
OAAL03,RESCUE
OAAL04,SCALES
OAAL05,OTHER
OAAM,F/A KITS & FRONTSHOP
OAAM00,F/A KITS & FRONTSHOP
OAAM01,FACTORY
OAAM02,HOME AND VEHICLE
OAAM03,ALS AND BLS
OAAM04,REFILLS FAD
OAAN,GLOVES
OAAN00,GLOVES
OAAN02,EXAM LATEX PWD FREE
OAAN03,HIGH RISK
OAAN04,SURGICAL
OAAN05,PVC
OAAN06,NITRILE
OAAO,HARDWARE HOSPITAL
OAAO00,HARDWARE HOSPITAL
OAAO01,BEDS
OAAO02,TABLES
OAAO04,OTHER
OAAP,INSTRUMENTS
OAAP00,INSTRUMENTS
OAAP01,OTHER (VAG/EAR/DENT)
OAAP02,SCISSORS
OAAP03,FORCEPS
OAAP04,BLADES AND HANDLES
OAAQ,INTRAVENOUS
OAAQ00,INTRAVENOUS
OAAQ01,ADD A LINE/ EXTENTION
OAAQ02,ADMIN SET
OAAQ03,PORTS
OAAR,NEEDLES AND LANCET
OAAR00,NEEDLES AND LANCET
OAAR01,BLOOD COLLECTING
OAAR02,BUTTERFLY/SCALPVEIN
OAAR03,HYPODERMIC
OAAR04,INFUSION DEVICES
OAAR05,IV CANNULA
OAAR06,LANCET SAFETY
OAAR07,OTHER NEEDLES
OAAR08,SPINAL
OAAR09,DENTAL
OAAR10,BIOPSY
OAAS,PLASTER & TAPE
OAAS00,PLASTER & TAPE
OAAS01,PE TAPE
OAAS02,MICROPOREOUS TAPE
OAAS04,FABRIC
OAAS05,PLASTIC SURGICAL
OAAS06,WATERPROOF SURGICAL
OAAT,RESPIRATORY AND FEEDING
OAAT00,RESPIRATORY AND FEEDING
OAAT01,CANNULA
OAAT02,ENDOTRACHEAL TUBE
OAAT03,FEEDING TUBE
OAAT04,GUEDEL AIRWAYS
OAAT05,MASK
OAAT06,MUCUS EXTRACTORS
OAAT07,SUCTION CATHETERS
OAAT08,TRACHEOSTOMY
OAAT09,TUBING
OAAT10,EID
OAAT11,RESUSCITATORS
OAAT12,CATHETER MOUNTS
OAAT13,OTHER
OAAU,SPECIALITY FRONTSHOP
OAAU00,SPECIALITY FRONTSHOP
OAAU01,SPECIALITY COMPRESS
OAAU02,SPECIALITY INCONTINE
OAAU03,SPECIALITY ORTHOPAED
OAAU04,SPECIALITY PACK LINE
OAAU05,SPECIALITY PACKAGING
OAAU06,SPECIALITY VIT & SUP
OAAU07,SPECIALITY FOODS SURGICAL
OAAU08,HOMECARE SURGICAL
OAAU09,OSTOMY
OAAU10,OSTOMY SUPPORT
OAAV,SUTURES & WOUND CLOSING
OAAV00,SUTURES & WOUND CLOSING
OAAV01,SUTURES
OAAW,SYRINGES
OAAW00,SYRINGES
OAAW01,SYRINGE CATHETER TIP
OAAW02,SYRINGE INSULIN
OAAW03,SYRINGE NAKED LUER L
OAAW04,SYRINGE NAKED LUER S
NEEDLE,SURGICAL
OAAW07,SYRINGE BULB
OAAX,THEATRE
OAAX00,THEATRE
OAAX01,EQUIPMENT
OAAX03,CONSUMABLES
OAAY,TRAYS
OAAY00,TRAYS
OAAY01,CATHETER
OAAY02,DRESSING TRAY
OAAY03,IV TRAYS
OAAY04,MOUTH SURGICAL
OAAY06,SUCTION SURGICAL
OAAZ,HARDWARE MOBILITY
OAAZ00,HARDWARE MOBILITY
OAAZ01,BATH AND TOILET
OAAZ02,CRUTHES & WALKING AIDS
OAAZ03,WHEELCHAIRS
OPEN,PHARMACY OWN DEPT
PDOA,OTC STOMACH
PDOA00,OTC STOMACH
PDOA01,ENZYMES
PDOA02,ANTI-EMETIC
PDOA03,ANTI-EMETIC PAED
PDOA04,ANTIVERTIGO PREPARAT
PDOA05,ANTIPROPULSIVES
PDOA06,ANTIPROPULSIVES PAED
PDOA07,BELLADONNA
PDOA08,BELLADONNA PAED
PDOA09,ANTI SPASMODICS
PDOA10,ANTACIDS AND COMBINA
CEPTOR,ANTAGONI
PDOA12,PROTON PUMP INHIBITO
PDOA14,INTESTINAL ADSORBENT
PDOB,OTC ANALGESICS
PDOB00,OTC ANALGESICS
PDOB01,COMB ANALGESICS OPIO
PDOB02,ANALGESIC ANTIPYRETI
PDOB03,PARACETAMOL COMB
PDOB04,PARACETAMOL COMB PAE
PDOB05,URIC ACID METABOLISM
PDOB06,N-STEROID COX ANTIPY
PDOB07,N-STEROID COX
PDOB08,N-STEROID COX PAED
PDOB09,N-STEROID IBUP
PDOB10,N-STEROID IBUP PAED
PDOB11,N-STEROID COMB
PDOB12,N-STEROID COMB PAED
PDOB13,ANTIMIGRAINE
PDOB14,ANALGESICS PAED
PDOC,ANTIINFECTIVES
PDOC00,ANTIINFECTIVES
PDOC01,ANTI MICROBIALS ORAL
PDOC02,INTESTINAL ANTIINFEC
PDOD,ANTINEMATODAL
PDOD00,ANTINEMATODAL
PDOD01,ANTINEMATODAL
PDOD02,ANTINEMATODAL PAED
PDOE,ANTIHISTAMINES
PDOE00,OTC ENT
PDOE01,ANTIHISTAMINES SYSTE
PDOE02,CETIRIZINE
PDOE03,CETIRIZINE PAED
PDOE04,CHLORPHENAMINE
PDOE05,CHLORPHENAMINE PAED
PDOE06,DESLORATADINE
PDOE07,DESLORATADINE PAED
PDOE08,LEVOCETRIZINE
PDOE09,LEVOCETRIZINE PAED
PDOE10,KETOTIFEN PAED
PDOE11,FEXOFENADINE
PDOE12,FEXOFENADINE PAED
PDOE13,RUPATADINE
PDOE14,LORATADINE
PDOE15,LORATADINE PAED
PDOE16,PROMETHAZINE
PDOE18,RUPATADINE PAED
PDOF,ASPRIN
PDOF00,ASPRIN
PDOF01,PLATELET AGGREGATION
PDOG,MUSCLE RELAXANT
PDOG00,MUSCLE RELAXANT
PDOG01,MUSCLE RELAXANT
PDOG02,ANALGESICS
PDOG03,PAEDIATRIC
PDOG04,MUSCLE RELAXANT
PDOG05,TOPICAL ANTI-INFLAMM
PDOG07,RUBS AND OINTMENTS
PDOH00,OTC COUGH
PDOI,TOPICAL PREPERATIONS
PDOI00,TOPICAL PREPERATIONS
PDOI01,ANTI-ACNE PREPARATIO
PDOI02,ANTIBIOTICS FOR TOPI
PDOI03,CHEMOTHERAPEUTICS FO
PDOI04,ANTIFUNGALS CLOTRIMO
PDOI05,ANTIFUNGALS TERBINAF
PDOI06,ANTIFUNGAL TOPICAL
PDOI07,ANTIFUNGAL SHAMPOO
PDOI08,ANESTHETICS FOR TOPI
PDOI09,ANTI-BACTERIAL ANTIS
PDOI10,ANTIVIRALS
PDOI11,CORTICOSTEROIDS PLAI
PDOI13,WOUNDS ULCERS ENZYME
PDOI14,ANTIVARICOSE THERAPY
PDOI15,WART AND ANTI-CORN P
PDOI16,N-STEROID TOPICAL
PDOI17,OTHER TOPICAL PREPERATIONS
PDOI18,TOPICAL ANTIHISTAMIN
PDOJ,COLD AND FLU
PDOJ00,COLD AND FLU
PDOJ01,LOCAL ORAL SPRAY
PDOJ02,LOCAL ORAL RINSE
PDOJ03,ANESTHETICS LOCAL
PDOJ04,ANTIINFECTIVES ORAL
PDOJ05,DECONGESTANT NASAL
PDOJ06,DECONGESTANT NASAL C
PDOJ07,OTOLOGICALS ANALGESI
PDOJ08,THROAT ANTISEPTICS
PDOJ09,ORAL DECON ANALGES
PDOJ10,LIQUID DECON ANALGES
PDOJ11,DECONGESTANTS LIQUID
PDOJ12,DECONGESTANT NASAL T
PDOL,VAGINAL PREPERATIONS
PDOL00,VAGINAL PREPERATIONS
PDOL01,A INFECTIVE CREAM CO
PDOL02,ESTROGENS
PDOL03,A INFECTIVE VAG TAB
PDOL04,A INFECTIVE VAG CREAM
PDOL05,ANTIMYCOTICS
PDOM,HOME REMEDIES
PDOM00,HOME REMEDIES
PDOM01,HOME REMEDIES
PDON,ANTIMALARIALS
PDON00,ANTIMALARIALS
PDON01,ANTIMALARIALS
PDOO,ADRENERGICS
PDOO00,ADRENERGICS
PDOO01,SYSTEMIC USE
PDOO02,INHALANTS
PDOO03,DECONGEST ANALG COMB
PDOQ,SEDATIVE HYPNOTICS
PDOQ00,SEDATIVE HYPNOTICS
PDOQ01,OTHER HYPNOTICS AND
PDOQ02,SEDATIVE HYPNOTICS
PDOR,OTC COUGH
PDOR00,OTC COUGH
PDOR01,A TUSSIVES EXPECT
PDOR02,A TUSSIVES EXPECT PA
PDOR03,COUGH SUPPRESSANTS C
PDOR04,COUGH SUPPRESSANTS
PDOR05,MUCOLYTIC COMBINATIO
PDOR06,EXPECTORANTS
PDOR07,OBSTRUCTIVE AIRWAY
PDOR08,COUGH SUPPRESSANTS P
PDOS,OTC
PDOS00,OTC EYE
PDOS01,DECONGESTANT A HISTA
PDOS02,DECONGESTANT EYE DRO
PDOS03,DECONGESTANT A ALLER
PDOS04,OPHTHALMIC ANTIBIOTI
PDOT,VITAMINS AND MINERALS
PDOT00,VITAMINS AND MINERALS
PDOT01,IRON PREPARATIONS
PDOT02,NATURAL/ HERBAL/ ANI
FOLIC,ACID
PDOT04,CARIES PROPHYLACTIC
PDOT05,MINERALS AND ELECTRO
PDOU,URINARY TRACT
PDOU00,URINARY TRACT
PDOU01,URINARY TRACT AGENTS
PDOZ,OTC MEDICINE OTHER
PDOZ00,OTC MEDICINE OTHER
PDOZ01,NICOTINE DEPENDENCE
PDST,SCHEDULED
PDST00,SCHEDULED
PDST01,DISPENSARY UNSCHEDUL
PDST02,DISPENSARY BULK
PDST03,DISPENSARY LIQUIDS
PDST04,DISPENSARY SURGICAL
PDST05,DISPENSARY CONTRACEPTIVES
PDST06,DISPENSARY COLDCHAIN
PDST07,VACCINE COLDCHAIN
PDST08,INTERNAL A
PDST09,INTERNAL ASPEN - BZZ
PDST10,INTERNAL CAA - CIZ
PDST11,INTERNAL CLA - CZZ
PDST12,INTERNAL DAA - DZZ
PDST13,INTERNAL EAA - GZZ
PDST14,INTERNAL HAA - JZZ
PDST15,INTERNAL KAA - LZZ
PDST16,INTERNAL MAA - OZZ
PDST17,INTERNAL PAA - QZZ
PDST18,INTERNAL RAA - RZZ
PDST19,INTERNAL SAA - SAN
PDST20,INTERNAL SAO - SZZ
PDST21,INTERNAL TAA - TZZ
PDST22,INTERNAL UAA - ZZZ
PDST23,EXTERNAL AAA - CZZ
PDST24,EXTERNAL DAA - KZZ
PDST25,EXTERNAL LAA - RZZ
PDST26,EXTERNAL SAA - ZZZ
PDST27,DISPENSARY SERVICES
PDST28,DISPENSARY DISCONTIN
PDST31,DERMATOLOGY
PDST32,SCHEDULED COMPOUNDED
PDST33,IV & INJECTABLES
PDST34,HEEL
PDSV,DISPENSARY VETINARY
PDSV00,DISPENSARY VETINARY
PDSV01,VETERINARY TABLET
PDSV02,VETERINARY CREAM
PDSV03,VETERINARY LIQUIDS
PDSV04,VETERINARY SUPPOSITORIES
PDSV05,VETERINARY INJECTABLES
PDSV06,VETERINARY COLDCHAIN
PDWB,TLC DISPENSARY PREPACKS
PDWB00,TLC DISPENSARY PREPACKS
PDWB01,PRE-PACKS
PODI00,TOPICAL PREPERATIONS
PPPO,OLD DELETE
PPPO00,OLD DISPENSARY
PPPO01,DISCONTINUED PHARMACY
SAAA,WOMEN SHOES
SAAA00,WOMEN SUMMER SHOES
SAAA01,CLOSED SHOES
SAAA02,FASHION SHOES
SAAA03,LEISURE/SPORT SHOES
SAAB,WOMEN BOOTS
SAAB00,WOMEN SUMMER BOOTS
SAAB01,ANKLE BOOTS
SAAB02,CALF BOOTS
SAAB03,KNEE BOOTS
SAAC,WOMEN SANDALS
SAAC00,WOMEN SANDALS
SAAC01,SANDALS
SAAC02,FLIP FLOPS
SAAC03,THONGS
SABA,MEN SHOES
SABA00,MENS SHOES
SABA01,CLOSED SHOES
SABA03,LEISURE/SPORT SHOES
SABB,MEN BOOTS
SABB00,MENS BOOTS
SABB02,CALF BOOTS
SABC,MEN SANDALS
SABC00,MENS SANDALS
SABC01,SANDALS
SABC02,FLIP FLOPS
SABC03,THONGS
SACA,CHILDREN SHOES
SACA00,CHILDRENS SHOES
SACA01,CLOSED SHOES
SACA03,LEISURE/SPORT SHOES
SACB,CHILDREN BOOTS
SACB00,CHILDRENS BOOTS
SACB02,CALF BOOTS
SACB04,GUMBOOTS
SACC,CHILDREN SANDALS
SACC00,CHILDRENS SANDALS
SACC02,FLIP FLOPS
SACC03,THONGS
SBAA,WOMEN SHOES
SBAA00,WOMENS WINTER SHOES
SBAA01,CLOSED SHOES
SBAA02,FASHION SHOES
SBAA03,WOMEN LEISHURE/SPORT SHOES
SBAB,WOMEN WINTER BOOTS
SBAB00,WOMENS WINTER BOOTS
SBAB01,ANKLE BOOTS
SBAB03,KNEE BOOTS
SBBA,MEN WINTER SHOES
SBBA00,MENS WINTER SHOES
SBBA03,MEN LEISHURE/SPORT SHOES
SSSO,SHOES OLD DELETE
SSSO00,SHOES OLD DELETE
SSSO01,DISCONTINUED SHOES
YBAA,COLOUR GIFT & VALUE OFFER
YBAA00,EXPENSE
YBAA09,SPARE PARTS
YBAA10,DISPENSARY PACKAGING
YBAA12,LABELS & STICKERS
YBAA13,MANUFACTURE COMPONEN
YBAA14,MANUFACTURE PACKAGIN
YBAA17,SHOP PACKAGING
YBAA18,SHOP POS AND DISPLAY
YBAA19,SHOP USE CONSUMABLES
YBAA20,LOYALTY & GIFT CARDS
YBAA21,SHOP USE STATIONERY
YBAA22,SHOP USE TROLLEYS &
YBAA23,TESTERS & SAMPLES
ZAAA,SPARE CAND ACCESSORIES INCOME
ZAAA01,SPARE & ACC INCOME
ZABA,NON-TRADING MARKETING
ZABA00,NON-TRADING MARKETING
ZABA01,NON-TRADING MARKETING
ZADA,DELIVERY CHARGES
ZADA00,DELIVERY CHARGES
ZADA01,DELIVERY CHARGES
ZAEA,AIRTIME
ZAEA00,AIRTIME
ZAEA01,AIRTIME
ZAEA02,DATA
ZAEA03,ELECTRICITY
ZAEA10,AXXESS
ZAJA,LADIES HAIR SALON
ZAJA00,LADIES HAIR SALON
ZAJA01,CUTS
ZAJA02,BLOW WAVES & STYLING
ZAJA03,PERMS
ZAJA04,TREATMENTS
ZAJA05,RELAXERS
ZAJA06,COLOURS
ZAJB,MENS HAIR SALON
ZAJB00,MENS HAIR SALON
ZAJB01,CUTS
ZAJB02,COLOUR
ZAJD,HAIR PROMOTIONS
ZAJD00,HAIR PROMOTIONS
ZAJD01,HAIR PROMOTIONS
ZAUB,BEAUTY CLINIC
ZAUB00,BEAUTY CLINIC
ZAUB01,FACIALS
ZAUB02,PEDICURES
ZAUB03,MANICURES
ZAUB04,NAILS
ZAUB05,MASSAGES
ZAUB06,LASH
ZAUB07,WAX
ZAUB08,COMBOS
ZAUB09,TINT
ZAXA,POS VOUCHERS
ZAXA00,POS VOUCHERS
ZAXA01,POS VOUCHERS
ZAXA02,POR VOUCHERS
ZFC301,PHARMACY OWN DEPARTMENT
ZFZ100,PHARMACY OWN DEPARTMENT
ZFZ101,OWN AFRICAN MODE
ZFZ102,OWN GIFTING
ZFZ103,OWN CONFECTIONARY
ZFZ104,OWN FRONT SHOP
ZFZ105,OWN ETHICALS
ZZZZ,ZDISCONTINUED
ZZZZ00,DISCONTINUED STOCK
ZZZZ01,ZDISCONTINUED ITEMS
